{"cameraMode":{"drawMode":0,"name":"Shaded","section":"Shading Mode"},"sceneLighting":true,"audioPlay":false,"sceneViewState":{"showFog":true,"showMaterialUpdate":false,"showSkybox":true,"showFlares":true,"showImageEffects":true,"showParticleSystems":true},"in2DMode":false,"pivot":{"x":1.7415556907653809,"y":0.9778450131416321,"z":3.2656960487365724},"rotation":{"x":0.11357410997152329,"y":-0.3112109303474426,"z":0.03600649908185005,"w":0.9430148005485535},"size":1.4049034118652344,"orthographic":false}