{"cameraMode":{"drawMode":0,"name":"Shaded","section":"Shading Mode"},"sceneLighting":false,"audioPlay":false,"sceneViewState":{"showFog":true,"showMaterialUpdate":false,"showSkybox":false,"showFlares":true,"showImageEffects":true,"showParticleSystems":true},"in2DMode":false,"pivot":{"x":-3.725290298461914e-9,"y":-0.02748005837202072,"z":-0.06455589830875397},"rotation":{"x":0.12716104090213777,"y":-0.12985241413116456,"z":0.01530098170042038,"w":0.9833943247795105},"size":0.4274672865867615,"orthographic":false}