{"cameraMode":{"drawMode":0,"name":"Shaded","section":"Shading Mode"},"sceneLighting":true,"audioPlay":false,"sceneViewState":{"showFog":true,"showMaterialUpdate":false,"showSkybox":true,"showFlares":true,"showImageEffects":true,"showParticleSystems":true},"in2DMode":false,"pivot":{"x":1.7434124946594239,"y":0.8671088218688965,"z":2.7463860511779787},"rotation":{"x":0.2055785059928894,"y":-0.19179753959178925,"z":0.039719562977552417,"w":0.9590119123458862},"size":9.375515937805176,"orthographic":false}