{"cameraMode":{"drawMode":0,"name":"Shaded","section":"Shading Mode"},"sceneLighting":true,"audioPlay":false,"sceneViewState":{"showFog":true,"showMaterialUpdate":false,"showSkybox":true,"showFlares":true,"showImageEffects":true,"showParticleSystems":true},"in2DMode":false,"pivot":{"x":2.188532829284668,"y":-1.817209005355835,"z":5.586620807647705},"rotation":{"x":0.2836947739124298,"y":-0.022154005244374276,"z":0.006561290007084608,"w":0.9586601257324219},"size":9.24634075164795,"orthographic":false}