{"cameraMode":{"drawMode":0,"name":"Shaded","section":"Shading Mode"},"sceneLighting":true,"audioPlay":false,"sceneViewState":{"showFog":true,"showMaterialUpdate":false,"showSkybox":true,"showFlares":true,"showImageEffects":true,"showParticleSystems":true},"in2DMode":false,"pivot":{"x":2.4855408668518068,"y":2.2777295112609865,"z":0.25967341661453249},"rotation":{"x":-0.4998707175254822,"y":0.3005024492740631,"z":-0.19020786881446839,"w":-0.7897239327430725},"size":0.5153690576553345,"orthographic":false}