{"cameraMode":{"drawMode":0,"name":"Shaded","section":"Shading Mode"},"sceneLighting":true,"audioPlay":false,"sceneViewState":{"showFog":true,"showMaterialUpdate":false,"showSkybox":true,"showFlares":true,"showImageEffects":true,"showParticleSystems":true},"in2DMode":false,"pivot":{"x":2.1899943351745607,"y":1.230979561805725,"z":0.3663918077945709},"rotation":{"x":-0.07780690491199494,"y":-0.5275337100028992,"z":0.04850245639681816,"w":-0.8446204662322998},"size":1.1130599975585938,"orthographic":false}