{"cameraMode":{"drawMode":0,"name":"Shaded","section":"Shading Mode"},"sceneLighting":true,"audioPlay":false,"sceneViewState":{"showFog":true,"showMaterialUpdate":false,"showSkybox":true,"showFlares":true,"showImageEffects":true,"showParticleSystems":true},"in2DMode":false,"pivot":{"x":0.5775979161262512,"y":0.8650037050247192,"z":0.9640210866928101},"rotation":{"x":-0.02524692192673683,"y":-0.3853575885295868,"z":0.010425081476569176,"w":-0.9224845767021179},"size":0.6807416677474976,"orthographic":false}