{"cameraMode":{"drawMode":0,"name":"Shaded","section":"Shading Mode"},"sceneLighting":false,"audioPlay":false,"sceneViewState":{"showFog":true,"showMaterialUpdate":false,"showSkybox":false,"showFlares":true,"showImageEffects":true,"showParticleSystems":true},"in2DMode":false,"pivot":{"x":1.2820000648498536,"y":0.9060137271881104,"z":0.3819999694824219},"rotation":{"x":-0.1465783268213272,"y":-0.566887617111206,"z":0.10332953184843064,"w":-0.804055392742157},"size":1.6843369007110596,"orthographic":false}