{"cameraMode":{"drawMode":0,"name":"Shaded","section":"Shading Mode"},"sceneLighting":true,"audioPlay":false,"sceneViewState":{"showFog":true,"showMaterialUpdate":false,"showSkybox":true,"showFlares":true,"showImageEffects":true,"showParticleSystems":true},"in2DMode":false,"pivot":{"x":1.038725733757019,"y":0.8842619061470032,"z":-0.06744670867919922},"rotation":{"x":0.0985826626420021,"y":-0.2010221779346466,"z":0.020294634625315667,"w":0.9744808673858643},"size":3.723568916320801,"orthographic":false}