{"cameraMode":{"drawMode":0,"name":"Shaded","section":"Shading Mode"},"sceneLighting":true,"audioPlay":false,"sceneViewState":{"showFog":true,"showMaterialUpdate":false,"showSkybox":true,"showFlares":true,"showImageEffects":true,"showParticleSystems":true},"in2DMode":false,"pivot":{"x":2.24869966506958,"y":1.0007338523864747,"z":0.7187384366989136},"rotation":{"x":0.20501211285591126,"y":0.4245891571044922,"z":-0.0993063896894455,"w":0.8762823343276978},"size":2.593364953994751,"orthographic":false}