{"cameraMode":{"drawMode":0,"name":"Shaded","section":"Shading Mode"},"sceneLighting":true,"audioPlay":false,"sceneViewState":{"showFog":true,"showMaterialUpdate":false,"showSkybox":true,"showFlares":true,"showImageEffects":true,"showParticleSystems":true},"in2DMode":false,"pivot":{"x":0.9656098484992981,"y":0.8552390336990356,"z":0.4879470467567444},"rotation":{"x":-0.28547391295433047,"y":-0.48509785532951357,"z":0.17116273939609528,"w":-0.8086921572685242},"size":1.828115463256836,"orthographic":false}