{"cameraMode":{"drawMode":0,"name":"Shaded","section":"Shading Mode"},"sceneLighting":true,"audioPlay":false,"sceneViewState":{"showFog":true,"showMaterialUpdate":false,"showSkybox":true,"showFlares":true,"showImageEffects":true,"showParticleSystems":true},"in2DMode":false,"pivot":{"x":0.12998580932617188,"y":0.7510184049606323,"z":0.5605541467666626},"rotation":{"x":0.11443766206502915,"y":-0.6833915710449219,"z":0.10988296568393707,"w":0.712705135345459},"size":1.7363204956054688,"orthographic":false}