{"cameraMode":{"drawMode":0,"name":"Shaded","section":"Shading Mode"},"sceneLighting":true,"audioPlay":false,"sceneViewState":{"showFog":true,"showMaterialUpdate":false,"showSkybox":true,"showFlares":true,"showImageEffects":true,"showParticleSystems":true},"in2DMode":false,"pivot":{"x":1.1913130283355713,"y":0.7653119564056397,"z":0.36098936200141909},"rotation":{"x":0.2334185391664505,"y":0.5529048442840576,"z":-0.16487129032611848,"w":0.7827208042144775},"size":0.9270731806755066,"orthographic":false}