{"cameraMode":{"drawMode":0,"name":"Shaded","section":"Shading Mode"},"sceneLighting":true,"audioPlay":false,"sceneViewState":{"showFog":true,"showMaterialUpdate":false,"showSkybox":true,"showFlares":true,"showImageEffects":true,"showParticleSystems":true},"in2DMode":false,"pivot":{"x":1.2856374979019166,"y":0.9304540157318115,"z":0.36929556727409365},"rotation":{"x":0.2385396808385849,"y":0.5391965508460999,"z":-0.16253477334976197,"w":0.7911933064460754},"size":0.9057342410087586,"orthographic":false}