{"cameraMode":{"drawMode":0,"name":"Shaded","section":"Shading Mode"},"sceneLighting":true,"audioPlay":false,"sceneViewState":{"showFog":true,"showMaterialUpdate":false,"showSkybox":true,"showFlares":true,"showImageEffects":true,"showParticleSystems":true},"in2DMode":false,"pivot":{"x":3.826231002807617,"y":2.704439878463745,"z":-1.7240135669708253},"rotation":{"x":0.03702478110790253,"y":0.8071416020393372,"z":-0.050922445952892306,"w":0.5870285034179688},"size":3.0960612297058107,"orthographic":false}