{"cameraMode":{"drawMode":0,"name":"Shaded","section":"Shading Mode"},"sceneLighting":true,"audioPlay":false,"sceneViewState":{"showFog":true,"showMaterialUpdate":false,"showSkybox":true,"showFlares":true,"showImageEffects":true,"showParticleSystems":true},"in2DMode":false,"pivot":{"x":3.795863151550293,"y":0.09376561641693115,"z":-0.0975944995880127},"rotation":{"x":0.19806286692619325,"y":0.37617892026901247,"z":-0.08269442617893219,"w":0.9013760089874268},"size":6.183732986450195,"orthographic":false}