{"cameraMode":{"drawMode":0,"name":"Shaded","section":"Shading Mode"},"sceneLighting":true,"audioPlay":false,"sceneViewState":{"showFog":true,"showMaterialUpdate":false,"showSkybox":true,"showFlares":true,"showImageEffects":true,"showParticleSystems":true},"in2DMode":false,"pivot":{"x":474.5906677246094,"y":115.46880340576172,"z":35.4913330078125},"rotation":{"x":0.0616607740521431,"y":-0.06047963351011276,"z":0.00370766525156796,"w":0.9962846636772156},"size":581.977294921875,"orthographic":false}