{"cameraMode":{"drawMode":0,"name":"Shaded","section":"Shading Mode"},"sceneLighting":true,"audioPlay":false,"sceneViewState":{"showFog":true,"showMaterialUpdate":false,"showSkybox":true,"showFlares":true,"showImageEffects":true,"showParticleSystems":true},"in2DMode":false,"pivot":{"x":5.028285026550293,"y":-1.4160621166229249,"z":-1.1121764183044434},"rotation":{"x":0.2189626693725586,"y":0.6995416879653931,"z":-0.2407979965209961,"w":0.6361923217773438},"size":22.0,"orthographic":false}