{"cameraMode":{"drawMode":0,"name":"Shaded","section":"Shading Mode"},"sceneLighting":true,"audioPlay":false,"sceneViewState":{"showFog":true,"showMaterialUpdate":false,"showSkybox":true,"showFlares":true,"showImageEffects":true,"showParticleSystems":true},"in2DMode":false,"pivot":{"x":0.182647705078125,"y":-0.5892117023468018,"z":1.9145822525024415},"rotation":{"x":-0.20225413143634797,"y":0.21453708410263062,"z":-0.045461006462574008,"w":-0.9544868469238281},"size":11.364378929138184,"orthographic":false}