{"cameraMode":{"drawMode":0,"name":"Shaded","section":"Shading Mode"},"sceneLighting":true,"audioPlay":false,"sceneViewState":{"showFog":false,"showMaterialUpdate":false,"showSkybox":false,"showFlares":false,"showImageEffects":false,"showParticleSystems":false},"in2DMode":false,"pivot":{"x":2.537327289581299,"y":3.0076746940612795,"z":-1.0779123306274415},"rotation":{"x":-0.014915883541107178,"y":0.5797961354255676,"z":-0.010616827756166458,"w":-0.8145557045936585},"size":3.4218053817749025,"orthographic":false}